{"cameraMode":{"drawMode":0,"name":"Shaded","section":"Shading Mode"},"sceneLighting":false,"audioPlay":false,"sceneViewState":{"showFog":true,"showMaterialUpdate":false,"showSkybox":true,"showFlares":true,"showImageEffects":true,"showParticleSystems":true},"in2DMode":false,"pivot":{"x":-2.432480573654175,"y":2.2842984199523927,"z":3.4351425170898439},"rotation":{"x":0.13808146119117738,"y":-0.2399187833070755,"z":0.03451019525527954,"w":0.9603244662284851},"size":13.817532539367676,"orthographic":false}